Language Code,Language,% of Target articles available,% of Comparison articles available,p-value of difference,p < 0.05
ru,Russian,0.2598425197,0.2283464567,0.8770947841,FALSE
ar,Arabic,0.2204724409,0.2992125984,0.3848012526,FALSE
de,German,0.3070866142,0.2913385827,1,FALSE
es,"Spanish, Castilian",0.3228346457,0.2440944882,0.3512188626,FALSE
fr,French,0.4330708661,0.2992125984,0.13722876,FALSE
it,Italian,0.2440944882,0.2519685039,1,FALSE
pt,Portuguese,0.2283464567,0.1732283465,0.4920966742,FALSE